{"mean":{"confidence_interval":{"confidence_level":0.95,"lower_bound":33860.94525901361,"upper_bound":33891.65982993199},"point_estimate":33872.959755102034,"standard_error":8.115273220266156},"median":{"confidence_interval":{"confidence_level":0.95,"lower_bound":33858.22006802721,"upper_bound":33867.162925170065},"point_estimate":33862.17380952381,"standard_error":2.4498778428060373},"median_abs_dev":{"confidence_interval":{"confidence_level":0.95,"lower_bound":15.170426873523986,"upper_bound":26.516363564948634},"point_estimate":19.876925361400218,"standard_error":2.8091434185400335},"slope":null,"std_dev":{"confidence_interval":{"confidence_level":0.95,"lower_bound":18.19507612953054,"upper_bound":132.7889539873788},"point_estimate":80.86449689783959,"standard_error":34.69970729517089}}