{"mean":{"confidence_interval":{"confidence_level":0.95,"lower_bound":132129.61986236705,"upper_bound":132212.03462765962},"point_estimate":132166.78417553182,"standard_error":21.135475051241126},"median":{"confidence_interval":{"confidence_level":0.95,"lower_bound":132110.76063829788,"upper_bound":132158.79787234042},"point_estimate":132132.7579787234,"standard_error":12.177210781855424},"median_abs_dev":{"confidence_interval":{"confidence_level":0.95,"lower_bound":69.74331658092083,"upper_bound":108.5176432861405},"point_estimate":82.88759054973964,"standard_error":9.843126259541297},"slope":null,"std_dev":{"confidence_interval":{"confidence_level":0.95,"lower_bound":107.65659775067516,"upper_bound":298.5815695687981},"point_estimate":214.08141544207473,"standard_error":48.75341211134854}}