{"mean":{"confidence_interval":{"confidence_level":0.95,"lower_bound":8485477.230000004,"upper_bound":8493333.631875003},"point_estimate":8488955.9,"standard_error":2000.6786834900968},"median":{"confidence_interval":{"confidence_level":0.95,"lower_bound":8482590.333333334,"upper_bound":8485375.0},"point_estimate":8483892.333333332,"standard_error":727.2143105726707},"median_abs_dev":{"confidence_interval":{"confidence_level":0.95,"lower_bound":3917.6468804483247,"upper_bound":7304.770070314407},"point_estimate":5528.862401843531,"standard_error":863.4515885553864},"slope":null,"std_dev":{"confidence_interval":{"confidence_level":0.95,"lower_bound":9517.382540696906,"upper_bound":29044.716142070916},"point_estimate":20068.647294559843,"standard_error":5010.058289659919}}