{"mean":{"confidence_interval":{"confidence_level":0.95,"lower_bound":8878.628054018978,"upper_bound":8884.396077962769},"point_estimate":8881.16728249195,"standard_error":1.48522707194804},"median":{"confidence_interval":{"confidence_level":0.95,"lower_bound":8876.469566774078,"upper_bound":8879.292785535266},"point_estimate":8877.920336555675,"standard_error":0.8008786164438086},"median_abs_dev":{"confidence_interval":{"confidence_level":0.95,"lower_bound":4.169115715458443,"upper_bound":6.757030331166465},"point_estimate":5.440977347011589,"standard_error":0.6642716547213661},"slope":null,"std_dev":{"confidence_interval":{"confidence_level":0.95,"lower_bound":6.316014247568372,"upper_bound":21.7205447780785},"point_estimate":14.86772415838657,"standard_error":3.9628668229062574}}