{"mean":{"confidence_interval":{"confidence_level":0.95,"lower_bound":847367.8510169489,"upper_bound":849130.2469491523},"point_estimate":848014.341864407,"standard_error":489.7210884027501},"median":{"confidence_interval":{"confidence_level":0.95,"lower_bound":847104.1694915255,"upper_bound":847314.6271186441},"point_estimate":847229.8728813559,"standard_error":58.710485528410054},"median_abs_dev":{"confidence_interval":{"confidence_level":0.95,"lower_bound":336.09787538885,"upper_bound":652.2937307923454},"point_estimate":497.34946913635287,"standard_error":79.53158288731892},"slope":null,"std_dev":{"confidence_interval":{"confidence_level":0.95,"lower_bound":660.0124770972476,"upper_bound":8229.319630043676},"point_estimate":4883.095548621099,"standard_error":2496.5634224868686}}