{"mean":{"confidence_interval":{"confidence_level":0.95,"lower_bound":3361952223.2120004,"upper_bound":3365042035.4},"point_estimate":3363213767.89,"standard_error":812198.4165846417},"median":{"confidence_interval":{"confidence_level":0.95,"lower_bound":3361407979.5,"upper_bound":3361786667.0},"point_estimate":3361612208.5,"standard_error":103562.17515001739},"median_abs_dev":{"confidence_interval":{"confidence_level":0.95,"lower_bound":590568.4953153133,"upper_bound":1125757.4338138103},"point_estimate":770860.0651144981,"standard_error":140312.75831963329},"slope":null,"std_dev":{"confidence_interval":{"confidence_level":0.95,"lower_bound":1829567.3924764865,"upper_bound":13133626.882212676},"point_estimate":8137488.456846257,"standard_error":3206615.465054386}}