{"mean":{"confidence_interval":{"confidence_level":0.95,"lower_bound":270997.5703702185,"upper_bound":271146.53229371586},"point_estimate":271068.06885245914,"standard_error":38.01466495738145},"median":{"confidence_interval":{"confidence_level":0.95,"lower_bound":270961.0655737705,"upper_bound":271078.2076502732},"point_estimate":271015.9371584699,"standard_error":30.98974384076602},"median_abs_dev":{"confidence_interval":{"confidence_level":0.95,"lower_bound":176.2065005193289,"upper_bound":295.37361278885373},"point_estimate":236.12632531610845,"standard_error":31.93755543268858},"slope":null,"std_dev":{"confidence_interval":{"confidence_level":0.95,"lower_bound":259.911817807134,"upper_bound":507.01478990989455},"point_estimate":384.9122814505918,"standard_error":64.63319777758753}}