{"mean":{"confidence_interval":{"confidence_level":0.95,"lower_bound":64144.88980490958,"upper_bound":64178.27971737726},"point_estimate":64159.54413436693,"standard_error":8.567945271522367},"median":{"confidence_interval":{"confidence_level":0.95,"lower_bound":64134.68992248062,"upper_bound":64159.1834625323},"point_estimate":64145.07945736434,"standard_error":6.290074935283962},"median_abs_dev":{"confidence_interval":{"confidence_level":0.95,"lower_bound":29.690309550410333,"upper_bound":47.36849450787615},"point_estimate":38.509289238804755,"standard_error":4.702371428929202},"slope":null,"std_dev":{"confidence_interval":{"confidence_level":0.95,"lower_bound":36.134598847907924,"upper_bound":127.66662258311645},"point_estimate":86.15890130454355,"standard_error":24.284654070283224}}