{"mean":{"confidence_interval":{"confidence_level":0.95,"lower_bound":8857.022664230974,"upper_bound":8861.910543486005},"point_estimate":8859.269372660843,"standard_error":1.2492923988901707},"median":{"confidence_interval":{"confidence_level":0.95,"lower_bound":8857.771876670824,"upper_bound":8860.304223846017},"point_estimate":8859.060417037961,"standard_error":0.6424658446751355},"median_abs_dev":{"confidence_interval":{"confidence_level":0.95,"lower_bound":3.7927713459609507,"upper_bound":6.363474454837875},"point_estimate":4.93781625523433,"standard_error":0.6537293846756591},"slope":null,"std_dev":{"confidence_interval":{"confidence_level":0.95,"lower_bound":7.070203903424241,"upper_bound":18.4830740281088},"point_estimate":12.566064993213296,"standard_error":3.180942490647575}}