{"mean":{"confidence_interval":{"confidence_level":0.95,"lower_bound":8878.967173918894,"upper_bound":8882.902976852687},"point_estimate":8880.763412883545,"standard_error":1.008652745889006},"median":{"confidence_interval":{"confidence_level":0.95,"lower_bound":8877.407500448591,"upper_bound":8879.934505652252},"point_estimate":8878.734523595907,"standard_error":0.7359672206969676},"median_abs_dev":{"confidence_interval":{"confidence_level":0.95,"lower_bound":4.112598778592318,"upper_bound":6.47350555526664},"point_estimate":5.348320450533002,"standard_error":0.6235184822021589},"slope":null,"std_dev":{"confidence_interval":{"confidence_level":0.95,"lower_bound":5.622973472216779,"upper_bound":13.847950076279421},"point_estimate":10.117573859996709,"standard_error":2.1070541154022613}}