{"mean":{"confidence_interval":{"confidence_level":0.95,"lower_bound":111691.82098033704,"upper_bound":111762.4410112359},"point_estimate":111725.08429213485,"standard_error":17.950825605354403},"median":{"confidence_interval":{"confidence_level":0.95,"lower_bound":111711.47078651685,"upper_bound":111742.88314606741},"point_estimate":111731.08651685393,"standard_error":7.700783881266909},"median_abs_dev":{"confidence_interval":{"confidence_level":0.95,"lower_bound":49.00409373674883,"upper_bound":109.3925562601438},"point_estimate":84.12338884358513,"standard_error":15.347962461991024},"slope":null,"std_dev":{"confidence_interval":{"confidence_level":0.95,"lower_bound":107.92737532637473,"upper_bound":247.90167741866924},"point_estimate":180.3851446696936,"standard_error":36.35317667594715}}