{"mean":{"confidence_interval":{"confidence_level":0.95,"lower_bound":3218187.681046875,"upper_bound":3225305.569390625},"point_estimate":3221628.045625,"standard_error":1808.3361239469984},"median":{"confidence_interval":{"confidence_level":0.95,"lower_bound":3213507.8125,"upper_bound":3223028.625},"point_estimate":3216826.84375,"standard_error":2686.6255555434695},"median_abs_dev":{"confidence_interval":{"confidence_level":0.95,"lower_bound":11669.77604907006,"upper_bound":18646.474543958902},"point_estimate":14291.244458779693,"standard_error":1682.8146010584805},"slope":null,"std_dev":{"confidence_interval":{"confidence_level":0.95,"lower_bound":14164.35547648936,"upper_bound":22004.569311220184},"point_estimate":18227.998127665476,"standard_error":2013.1973364295902}}