{"mean":{"confidence_interval":{"confidence_level":0.95,"lower_bound":395217.15920000017,"upper_bound":395402.035772},"point_estimate":395297.21264000004,"standard_error":47.53222778942058},"median":{"confidence_interval":{"confidence_level":0.95,"lower_bound":395175.332,"upper_bound":395247.164},"point_estimate":395203.168,"standard_error":17.45032743985314},"median_abs_dev":{"confidence_interval":{"confidence_level":0.95,"lower_bound":150.97612051963046,"upper_bound":269.09782562258135},"point_estimate":209.54474987985222,"standard_error":29.608833878618533},"slope":null,"std_dev":{"confidence_interval":{"confidence_level":0.95,"lower_bound":205.98221594261662,"upper_bound":722.1482190592379},"point_estimate":477.9161341444197,"standard_error":141.67721375082422}}