{"mean":{"confidence_interval":{"confidence_level":0.95,"lower_bound":423636.698220339,"upper_bound":423847.1836822037},"point_estimate":423731.1510169492,"standard_error":53.748125139357114},"median":{"confidence_interval":{"confidence_level":0.95,"lower_bound":423575.2118644068,"upper_bound":423702.32627118647},"point_estimate":423633.1228813559,"standard_error":34.081028567675666},"median_abs_dev":{"confidence_interval":{"confidence_level":0.95,"lower_bound":199.1961015483417,"upper_bound":344.7359048966356},"point_estimate":253.63767515804295,"standard_error":37.16463291962905},"slope":null,"std_dev":{"confidence_interval":{"confidence_level":0.95,"lower_bound":271.0742069672235,"upper_bound":779.883380331703},"point_estimate":535.3373068609884,"standard_error":133.84539550937157}}