{"mean":{"confidence_interval":{"confidence_level":0.95,"lower_bound":643977.7765384617,"upper_bound":644779.6839775641},"point_estimate":644378.8882051281,"standard_error":204.79120773151317},"median":{"confidence_interval":{"confidence_level":0.95,"lower_bound":644888.358974359,"upper_bound":645219.814102564},"point_estimate":645111.3846153846,"standard_error":83.80665499829362},"median_abs_dev":{"confidence_interval":{"confidence_level":0.95,"lower_bound":715.1644103801548,"upper_bound":2166.0785615442455},"point_estimate":1512.6986539135032,"standard_error":397.0787756272113},"slope":null,"std_dev":{"confidence_interval":{"confidence_level":0.95,"lower_bound":1769.149005176,"upper_bound":2308.9511519838265},"point_estimate":2047.499636954905,"standard_error":137.25910261738272}}