{"mean":{"confidence_interval":{"confidence_level":0.95,"lower_bound":64177.20751967743,"upper_bound":64214.217937096786},"point_estimate":64194.20378064516,"standard_error":9.393195652386},"median":{"confidence_interval":{"confidence_level":0.95,"lower_bound":64176.02193548387,"upper_bound":64200.64516129032},"point_estimate":64185.43032258065,"standard_error":7.435606293398505},"median_abs_dev":{"confidence_interval":{"confidence_level":0.95,"lower_bound":35.94970155531327,"upper_bound":57.42827085140372},"point_estimate":46.83007232989697,"standard_error":5.44139283128516},"slope":null,"std_dev":{"confidence_interval":{"confidence_level":0.95,"lower_bound":51.39841568722335,"upper_bound":137.5745402746141},"point_estimate":94.75403122350734,"standard_error":23.269144147353053}}