{"mean":{"confidence_interval":{"confidence_level":0.95,"lower_bound":478234.12165144243,"upper_bound":478453.5491538461},"point_estimate":478329.71923076914,"standard_error":56.04343212903873},"median":{"confidence_interval":{"confidence_level":0.95,"lower_bound":478199.1153846154,"upper_bound":478366.1923076923},"point_estimate":478288.4615384615,"standard_error":46.60966368325048},"median_abs_dev":{"confidence_interval":{"confidence_level":0.95,"lower_bound":230.4658891776566,"upper_bound":374.8055500766273},"point_estimate":303.8260763367217,"standard_error":36.09882668792313},"slope":null,"std_dev":{"confidence_interval":{"confidence_level":0.95,"lower_bound":262.2684901782093,"upper_bound":863.0151948291518},"point_estimate":562.4470150684009,"standard_error":176.25290781998143}}