{"mean":{"confidence_interval":{"confidence_level":0.95,"lower_bound":64207.730077821005,"upper_bound":64388.7536316472},"point_estimate":64271.85516212713,"standard_error":54.02551854225175},"median":{"confidence_interval":{"confidence_level":0.95,"lower_bound":64194.281452658885,"upper_bound":64211.250972762646},"point_estimate":64203.30739299611,"standard_error":3.98862947392671},"median_abs_dev":{"confidence_interval":{"confidence_level":0.95,"lower_bound":25.68013145069838,"upper_bound":47.47300499376541},"point_estimate":34.17287176685027,"standard_error":5.649073904436722},"slope":null,"std_dev":{"confidence_interval":{"confidence_level":0.95,"lower_bound":39.478670481117575,"upper_bound":919.4233916238984},"point_estimate":539.4575210311586,"standard_error":304.8932000750319}}