{"mean":{"confidence_interval":{"confidence_level":0.95,"lower_bound":254856.23918367355,"upper_bound":257087.24877551035},"point_estimate":255623.0335204082,"standard_error":700.7144882415247},"median":{"confidence_interval":{"confidence_level":0.95,"lower_bound":254784.11989795917,"upper_bound":254863.52040816325},"point_estimate":254823.44897959183,"standard_error":19.227808831744742},"median_abs_dev":{"confidence_interval":{"confidence_level":0.95,"lower_bound":116.13835320598693,"upper_bound":226.45958169385},"point_estimate":182.32953962014074,"standard_error":29.750058708471386},"slope":null,"std_dev":{"confidence_interval":{"confidence_level":0.95,"lower_bound":262.0397704025558,"upper_bound":12162.08024733491},"point_estimate":7098.688176323306,"standard_error":4266.026785629963}}