{"mean":{"confidence_interval":{"confidence_level":0.95,"lower_bound":12616824.485,"upper_bound":12625464.1430625},"point_estimate":12620855.8225,"standard_error":2208.77787479808},"median":{"confidence_interval":{"confidence_level":0.95,"lower_bound":12612927.25,"upper_bound":12618166.75},"point_estimate":12614911.5,"standard_error":1387.345157209496},"median_abs_dev":{"confidence_interval":{"confidence_level":0.95,"lower_bound":8123.535905778408,"upper_bound":13521.12643495202},"point_estimate":10393.767115473747,"standard_error":1363.0014605669483},"slope":null,"std_dev":{"confidence_interval":{"confidence_level":0.95,"lower_bound":14980.109865043973,"upper_bound":29075.969002075613},"point_estimate":22246.38143249412,"standard_error":3640.1543158723507}}