{"mean":{"confidence_interval":{"confidence_level":0.95,"lower_bound":64199.88242066062,"upper_bound":64229.61147797929},"point_estimate":64212.57667098447,"standard_error":7.645560782663705},"median":{"confidence_interval":{"confidence_level":0.95,"lower_bound":64196.21696891192,"upper_bound":64210.97797927461},"point_estimate":64204.85168393783,"standard_error":4.170885745683432},"median_abs_dev":{"confidence_interval":{"confidence_level":0.95,"lower_bound":22.60580866602368,"upper_bound":37.20903431350354},"point_estimate":27.805471138482137,"standard_error":3.727764802405354},"slope":null,"std_dev":{"confidence_interval":{"confidence_level":0.95,"lower_bound":29.099178808088084,"upper_bound":119.29158054246803},"point_estimate":76.95257759607593,"standard_error":24.744168747255586}}