{"mean":{"confidence_interval":{"confidence_level":0.95,"lower_bound":3174756.864390625,"upper_bound":3181400.71440625},"point_estimate":3177985.030625,"standard_error":1694.3655868371645},"median":{"confidence_interval":{"confidence_level":0.95,"lower_bound":3173223.9375,"upper_bound":3181270.8125},"point_estimate":3177619.78125,"standard_error":2361.396646891622},"median_abs_dev":{"confidence_interval":{"confidence_level":0.95,"lower_bound":9773.89901616611,"upper_bound":17105.82383162342},"point_estimate":12582.825976610184,"standard_error":1940.1211607922955},"slope":null,"std_dev":{"confidence_interval":{"confidence_level":0.95,"lower_bound":13311.73940462947,"upper_bound":20799.560815610752},"point_estimate":17090.19824605232,"standard_error":1921.4202333240135}}