{"mean":{"confidence_interval":{"confidence_level":0.95,"lower_bound":641680.6799615381,"upper_bound":641994.1934615383},"point_estimate":641822.2971794871,"standard_error":80.46858721157962},"median":{"confidence_interval":{"confidence_level":0.95,"lower_bound":641580.9294871795,"upper_bound":641736.641025641},"point_estimate":641635.4102564103,"standard_error":39.987827626088745},"median_abs_dev":{"confidence_interval":{"confidence_level":0.95,"lower_bound":281.94109499457375,"upper_bound":445.50228439845677},"point_estimate":360.3573282177565,"standard_error":41.272503897055984},"slope":null,"std_dev":{"confidence_interval":{"confidence_level":0.95,"lower_bound":427.6364137718447,"upper_bound":1163.4535815236648},"point_estimate":808.3696445499834,"standard_error":194.76372618116346}}