{"mean":{"confidence_interval":{"confidence_level":0.95,"lower_bound":95880.51477901352,"upper_bound":95960.42388781428},"point_estimate":95918.85386847197,"standard_error":20.395657294758987},"median":{"confidence_interval":{"confidence_level":0.95,"lower_bound":95813.50676982592,"upper_bound":95928.35203094778},"point_estimate":95896.3578336557,"standard_error":30.14231461550062},"median_abs_dev":{"confidence_interval":{"confidence_level":0.95,"lower_bound":127.61113641917257,"upper_bound":217.16791761452677},"point_estimate":187.89445430442422,"standard_error":24.62850899554647},"slope":null,"std_dev":{"confidence_interval":{"confidence_level":0.95,"lower_bound":151.00522837610026,"upper_bound":258.0173783723731},"point_estimate":205.5897470282277,"standard_error":27.589142277417753}}