{"mean":{"confidence_interval":{"confidence_level":0.95,"lower_bound":56520.41990841863,"upper_bound":56633.53062229807},"point_estimate":56565.6607622298,"standard_error":29.60221215716352},"median":{"confidence_interval":{"confidence_level":0.95,"lower_bound":56507.58361774744,"upper_bound":56533.34698521047},"point_estimate":56518.510807736064,"standard_error":6.581724312655588},"median_abs_dev":{"confidence_interval":{"confidence_level":0.95,"lower_bound":37.985088404125605,"upper_bound":62.75918216225163},"point_estimate":47.051887219272906,"standard_error":6.493949368462925},"slope":null,"std_dev":{"confidence_interval":{"confidence_level":0.95,"lower_bound":79.43921772823305,"upper_bound":484.9063187775401},"point_estimate":298.5198862930496,"standard_error":122.15025232078546}}