{"mean":{"confidence_interval":{"confidence_level":0.95,"lower_bound":64148.783302069845,"upper_bound":64185.71001067272},"point_estimate":64164.75258732212,"standard_error":9.533036663069732},"median":{"confidence_interval":{"confidence_level":0.95,"lower_bound":64135.72574385511,"upper_bound":64157.82664941785},"point_estimate":64141.7639068564,"standard_error":5.468489967924263},"median_abs_dev":{"confidence_interval":{"confidence_level":0.95,"lower_bound":25.852477419424414,"upper_bound":45.15216983228314},"point_estimate":33.00654973742804,"standard_error":4.797662545968666},"slope":null,"std_dev":{"confidence_interval":{"confidence_level":0.95,"lower_bound":34.51741416206351,"upper_bound":143.23729249555512},"point_estimate":95.69550839354658,"standard_error":29.38410074125066}}