{"mean":{"confidence_interval":{"confidence_level":0.95,"lower_bound":36572944.94875,"upper_bound":36584194.17025},"point_estimate":36578109.785,"standard_error":2873.997241894301},"median":{"confidence_interval":{"confidence_level":0.95,"lower_bound":36569833.5,"upper_bound":36576750.0},"point_estimate":36573364.5,"standard_error":1966.6315627762751},"median_abs_dev":{"confidence_interval":{"confidence_level":0.95,"lower_bound":11289.257499575615,"upper_bound":18470.239738337692},"point_estimate":14393.82184445858,"standard_error":1948.6216634286795},"slope":null,"std_dev":{"confidence_interval":{"confidence_level":0.95,"lower_bound":15335.397368483169,"upper_bound":39871.15449415778},"point_estimate":28892.100361155226,"standard_error":6233.142841616575}}