{"mean":{"confidence_interval":{"confidence_level":0.95,"lower_bound":694500.6387048609,"upper_bound":696294.4258750001},"point_estimate":695276.2959722221,"standard_error":461.2220133400534},"median":{"confidence_interval":{"confidence_level":0.95,"lower_bound":694192.1388888889,"upper_bound":695782.125},"point_estimate":694792.2430555555,"standard_error":498.8654687891169},"median_abs_dev":{"confidence_interval":{"confidence_level":0.95,"lower_bound":1401.520287618041,"upper_bound":2765.7078842321935},"point_estimate":1974.2363024503281,"standard_error":366.645349624575},"slope":null,"std_dev":{"confidence_interval":{"confidence_level":0.95,"lower_bound":2144.809547183677,"upper_bound":7096.851538996135},"point_estimate":4633.958426841526,"standard_error":1454.8779931752943}}