{"mean":{"confidence_interval":{"confidence_level":0.95,"lower_bound":344285.5547931034,"upper_bound":345114.05535862065},"point_estimate":344697.6641379311,"standard_error":211.56835634816312},"median":{"confidence_interval":{"confidence_level":0.95,"lower_bound":342732.7586206897,"upper_bound":346100.28965517244},"point_estimate":345191.5206896552,"standard_error":1077.2643355430764},"median_abs_dev":{"confidence_interval":{"confidence_level":0.95,"lower_bound":644.8031782077154,"upper_bound":3428.727160507212},"point_estimate":3289.41388711843,"standard_error":763.2021222336342},"slope":null,"std_dev":{"confidence_interval":{"confidence_level":0.95,"lower_bound":1983.4413814114823,"upper_bound":2249.700482800648},"point_estimate":2124.373013100015,"standard_error":67.94760366007588}}