{"mean":{"confidence_interval":{"confidence_level":0.95,"lower_bound":4244397.633437499,"upper_bound":4247483.784999999},"point_estimate":4245838.889166666,"standard_error":781.4885083312987},"median":{"confidence_interval":{"confidence_level":0.95,"lower_bound":4242635.416666667,"upper_bound":4244340.25},"point_estimate":4243232.666666667,"standard_error":403.93671927873424},"median_abs_dev":{"confidence_interval":{"confidence_level":0.95,"lower_bound":2792.724150419005,"upper_bound":5490.253027527144},"point_estimate":4012.8421537578106,"standard_error":658.0677344560743},"slope":null,"std_dev":{"confidence_interval":{"confidence_level":0.95,"lower_bound":5322.938527085237,"upper_bound":10256.841557958294},"point_estimate":7861.634366272605,"standard_error":1275.6390348807302}}