{"mean":{"confidence_interval":{"confidence_level":0.95,"lower_bound":84634.38804753817,"upper_bound":84681.32003395584},"point_estimate":84654.86341256367,"standard_error":12.109012515671392},"median":{"confidence_interval":{"confidence_level":0.95,"lower_bound":84619.33955857385,"upper_bound":84647.35483870968},"point_estimate":84631.22495755518,"standard_error":7.413621859530226},"median_abs_dev":{"confidence_interval":{"confidence_level":0.95,"lower_bound":37.07506793262157,"upper_bound":60.25422219003987},"point_estimate":47.09205705869081,"standard_error":5.940789017142039},"slope":null,"std_dev":{"confidence_interval":{"confidence_level":0.95,"lower_bound":44.8848759471458,"upper_bound":181.9723747880429},"point_estimate":121.93656633223932,"standard_error":37.018765227197456}}