{"mean":{"confidence_interval":{"confidence_level":0.95,"lower_bound":8896.27809878597,"upper_bound":8900.966269784172},"point_estimate":8898.34981294964,"standard_error":1.2011663632332112},"median":{"confidence_interval":{"confidence_level":0.95,"lower_bound":8895.121402877698,"upper_bound":8897.478237410072},"point_estimate":8895.867086330934,"standard_error":0.5477317629402101},"median_abs_dev":{"confidence_interval":{"confidence_level":0.95,"lower_bound":4.310872747208216,"upper_bound":7.194076383072138},"point_estimate":5.533217761476404,"standard_error":0.7673147441527755},"slope":null,"std_dev":{"confidence_interval":{"confidence_level":0.95,"lower_bound":5.16579884055069,"upper_bound":17.50458060914004},"point_estimate":12.04381840179401,"standard_error":3.218608205180328}}