{"mean":{"confidence_interval":{"confidence_level":0.95,"lower_bound":13378507138.70175,"upper_bound":13391155125.1305},"point_estimate":13384259775.85,"standard_error":3265270.2097886903},"median":{"confidence_interval":{"confidence_level":0.95,"lower_bound":13372541750.0,"upper_bound":13375055917.0},"point_estimate":13373553708.5,"standard_error":707656.3384343499},"median_abs_dev":{"confidence_interval":{"confidence_level":0.95,"lower_bound":2510442.798730731,"upper_bound":5776920.404139161},"point_estimate":3629868.04805696,"standard_error":843114.6251848803},"slope":null,"std_dev":{"confidence_interval":{"confidence_level":0.95,"lower_bound":18622979.31811345,"upper_bound":44497525.734609365},"point_estimate":32857441.750311293,"standard_error":6626265.9112941}}