{"mean":{"confidence_interval":{"confidence_level":0.95,"lower_bound":6666643.84721875,"upper_bound":6694108.05665625},"point_estimate":6679753.84625,"standard_error":7034.730479706558},"median":{"confidence_interval":{"confidence_level":0.95,"lower_bound":6650703.125,"upper_bound":6663846.3125},"point_estimate":6653309.9375,"standard_error":3733.6460226747386},"median_abs_dev":{"confidence_interval":{"confidence_level":0.95,"lower_bound":27200.33509209752,"upper_bound":57937.412421405315},"point_estimate":41763.636646047235,"standard_error":7848.405984749707},"slope":null,"std_dev":{"confidence_interval":{"confidence_level":0.95,"lower_bound":54094.07447394392,"upper_bound":85721.30988768404},"point_estimate":70817.73004345622,"standard_error":8103.825806501634}}