{"mean":{"confidence_interval":{"confidence_level":0.95,"lower_bound":14190556.342125,"upper_bound":14219709.216625},"point_estimate":14201252.395,"standard_error":8162.178619641956},"median":{"confidence_interval":{"confidence_level":0.95,"lower_bound":14186948.0,"upper_bound":14191343.75},"point_estimate":14189421.75,"standard_error":1034.778037185536},"median_abs_dev":{"confidence_interval":{"confidence_level":0.95,"lower_bound":6262.502288818359,"upper_bound":11196.595001220703},"point_estimate":8501.598899066448,"standard_error":1276.4815543432594},"slope":null,"std_dev":{"confidence_interval":{"confidence_level":0.95,"lower_bound":13180.840211814797,"upper_bound":137878.0190908828},"point_estimate":81783.67400526506,"standard_error":42206.19500867693}}