{"mean":{"confidence_interval":{"confidence_level":0.95,"lower_bound":60322.44600151332,"upper_bound":60383.830317796645},"point_estimate":60354.73414043584,"standard_error":15.654252396722457},"median":{"confidence_interval":{"confidence_level":0.95,"lower_bound":60376.084140435836,"upper_bound":60396.6900877724},"point_estimate":60389.931598062954,"standard_error":4.932313454689622},"median_abs_dev":{"confidence_interval":{"confidence_level":0.95,"lower_bound":33.542478218068034,"upper_bound":49.76943172234816},"point_estimate":42.852703476497524,"standard_error":4.08619093015261},"slope":null,"std_dev":{"confidence_interval":{"confidence_level":0.95,"lower_bound":104.40457411900354,"upper_bound":202.1697078576638},"point_estimate":157.5535413573762,"standard_error":24.971356967237476}}