{"mean":{"confidence_interval":{"confidence_level":0.95,"lower_bound":8879.602689618077,"upper_bound":8886.138603191679},"point_estimate":8882.699033530569,"standard_error":1.6733810419683302},"median":{"confidence_interval":{"confidence_level":0.95,"lower_bound":8875.791823561054,"upper_bound":8880.483772637619},"point_estimate":8878.085529854761,"standard_error":1.0295396605147238},"median_abs_dev":{"confidence_interval":{"confidence_level":0.95,"lower_bound":6.701474168276497,"upper_bound":11.35928914744425},"point_estimate":9.332112152772353,"standard_error":1.1285970546507982},"slope":null,"std_dev":{"confidence_interval":{"confidence_level":0.95,"lower_bound":11.465838708453703,"upper_bound":21.634035294888992},"point_estimate":16.830577226260452,"standard_error":2.610284552271412}}